Model ranking;ranking;ind;relevance;review
0;49;30;0.4221879431352324;first read review complaining grip difficult assembly say blatantly wrong n nthe grip perfect unless massive extremely petite hands otherwise golden plastic however slick even hands perspire grip remains non slip n nassembly breeze two wheels two grips one sturdy metal rod axel place wheels together slide grips cap ends rod s n nto keep process simple easy tiny holds ends grip allows air escape slide minimal force i e trouble putting product together going able perform workout item provides n nseriously ve difficulty opening 2 liter bottles soda presented assembly n nthe workout provided wheel ridiculous amazing 220 12 body fat thought would ok starting never worked apparatus immediately felt workout sore within 10 15 minutes n nthe motion take little time perfect best interest read directions take time get used believe able take box 20 reps anyway thing serious workout n ni considered pretty darn strong core first time shocked feel much work clearly device intended already tremendous level fitness n nhowever able overcome initial difficulties embrace challenge piece equipment time find better way strengthen core best way jump start better overall fitness importantly feel better future workout endeavors n nbuy item keep chin stick see challenging reap serious benefits n nanyone gave negative reviews presumably unable get hump like people blame everyone everything themselves n nas someone midst 100lbs weight loss ve learned diet exercise begins ends discipline people people n t know get thing work butt feel great result type looking easy solution think another long line crappy fads ll sorely disappointed n nthis thing awesome
1;13;37;0.41036047073073606;best exercise tighter abs using 4 weeks definitely seeing improvement abs n nease install easy quick n t know reviewers said difficult maybe problem years ago instructions ask use oil steel rod slipping handles n nposture make sure using right posture per instructions provided small paper inside box necessary want see impact pay attention dos donts wish valeo provided instructions bigger size paper readable text size font n nexercise key stop second two fully stretched posture order work abs might difficult initially surely get week two n nmythbuster using ab wheel result 6 pack flat abs seen models box need cardio burn fat ab wheel work abs internally make tight one health coach told abs become visible bmi less 8 yet working hope get soon
2;17;31;0.3870362099089948;first thought work zip back forth ease well therein lies problem zipping back forth using right results actually give n nmy hubby 6 4 great shape exercises regularly lifts weights etc benches 200 300 lbs expect little wheel much work means weakling ab wheel definitely takes strength use properly loves though feel burn tries keeps using daily getting day n nwhen showed use like cake m rolling back forth took strength felt difficulty n t using proper form muscles got right boy major difference see feel thing works used properly right essential rolling back forth right see results n nit seems sturdy enough grips pretty comfortable n nthis little device definitely worth trying remember make sure right way
3;38;28;0.35977474872826354;product cheap easy way get great core workout nreally beats abs shape would kept using it n nok s since ve watched lethal weapon movies remember martin rigg s shoulder would always crap every movie yeah s kinda happened using 2 5 weeks would slam shoulder walls pillars hurt much would call wife cuss phone pain made go crazy n ni m guessing human shoulder n t meant handle kind weight stress n ni doubts effectiveness product though nbut perhaps s everyone would highly recommend anyone strong shoulders ni wait next mel gibson movie
4;41;22;0.28734372041553147;fairly cheap construction 6 2 230lbs wheel support weight fine feel cheap product thin aluminum axle cheap plastic y grips wheel thin provides almost stability could barely use product n nit would nice specific attention called properly assembling unit n t get grips lined perfectly re practically impossible adjust ve put on n nskip product wayyyy better options good ab workout
5;33;14;0.25090634738361045;love ab wheel quickly feel burn ve abslide user since 12 years old ve re bought probably 5 abslides years recently n t feeling burn quickly used googling realized spring mechanism abslide makes exercise easy basic ab wheel requires work user thus produce better results searched ab wheel came across valeo ab wheel awesome price amazon device small basic easy travel first time used fatigued arms quickly feel abs push ups tried another round ab wheel time really felt abs sore full 2 days afterward entire upper body n ni hooked little device delivers incredibly efficient workout short time like combining 10 15 reps ab wheel 10 15 push ups combination two exercises really targets upper body particularly backs arms abs would especially recommend ab wheel fatigues arms quickly abs still get efficient ab workout replaced much upper body ab work device looking feeling lean females especially like like lean upper body bulk much weight lifting device help keep arms toned abs defined
6;11;6;0.20886397744423407;got ab wheel today assembled easily noticed lines around one side wheel n t know large piece fell second rotation nstill functional quality best
7;30;27;0.19701536496059188;first little worried buying reading reviews bought anyways im glad ab wheel perfect easy assemble least lots reviews people said super hard put handles case wheel bit small doesnt bother bf rolls ease recommend anyone wants good hard workout n nupdate 12 2012 n nbought 2 years ago stopped using said small made back hurt maybe back dipping insists arms come close back could support enough wonder wider one would less stress back
8;7;5;0.07094756547606033;ordered ab wheel add daily rotation exercises using product twice day last 4 months n npros n durability even extensive use structural aesthetic damage ab wheel n function easy assemble rolls smoothly day day out n ncons n comfort using product week hands developed small blisters guessing hand grips plastic cause discomfort extended use simply wrapped hand grips tape issues since n noverall ni extremely pleased product especially given relatively low price point lasted daily use 4 months signs breaking anytime soon could happier purchase
